{
    "name": "root",
    "metadata": {
        "timer_format_version": "0.1.0",
        "start_time_seconds": "1694869503",
        "python_version": "3.9.18 (main, Sep 11 2023, 14:09:26) [MSC v.1916 64 bit (AMD64)]",
        "command_line_arguments": "C:\\Users\\cfouo\\Anaconda3\\envs\\mlAgent\\Scripts\\mlagents-learn ./config/SimpleArm_config.yaml --run-id=SimpleArm --force",
        "mlagents_version": "0.30.0",
        "mlagents_envs_version": "0.30.0",
        "communication_protocol_version": "1.5.0",
        "pytorch_version": "2.0.1",
        "numpy_version": "1.25.2",
        "end_time_seconds": "1694869586"
    },
    "total": 83.8138237,
    "count": 1,
    "self": 0.005410499999996432,
    "children": {
        "run_training.setup": {
            "total": 0.08517290000000033,
            "count": 1,
            "self": 0.08517290000000033
        },
        "TrainerController.start_learning": {
            "total": 83.7232403,
            "count": 1,
            "self": 0.031393699999981095,
            "children": {
                "TrainerController._reset_env": {
                    "total": 8.1996702,
                    "count": 1,
                    "self": 8.1996702
                },
                "TrainerController.advance": {
                    "total": 75.37523900000002,
                    "count": 1781,
                    "self": 0.028370200000068735,
                    "children": {
                        "env_step": {
                            "total": 75.262978,
                            "count": 1781,
                            "self": 72.09230839999996,
                            "children": {
                                "SubprocessEnvManager._take_step": {
                                    "total": 3.1536816999999964,
                                    "count": 1781,
                                    "self": 0.08202719999986918,
                                    "children": {
                                        "TorchPolicy.evaluate": {
                                            "total": 3.071654500000127,
                                            "count": 1777,
                                            "self": 3.071654500000127
                                        }
                                    }
                                },
                                "workers": {
                                    "total": 0.016987900000041023,
                                    "count": 1780,
                                    "self": 0.0,
                                    "children": {
                                        "worker_root": {
                                            "total": 14.146373300000022,
                                            "count": 1780,
                                            "is_parallel": true,
                                            "self": 5.537624100000048,
                                            "children": {
                                                "steps_from_proto": {
                                                    "total": 0.0003261999999999432,
                                                    "count": 1,
                                                    "is_parallel": true,
                                                    "self": 0.00017309999999959302,
                                                    "children": {
                                                        "_process_rank_one_or_two_observation": {
                                                            "total": 0.00015310000000035018,
                                                            "count": 2,
                                                            "is_parallel": true,
                                                            "self": 0.00015310000000035018
                                                        }
                                                    }
                                                },
                                                "UnityEnvironment.step": {
                                                    "total": 8.608422999999974,
                                                    "count": 1780,
                                                    "is_parallel": true,
                                                    "self": 0.09869309999988651,
                                                    "children": {
                                                        "UnityEnvironment._generate_step_input": {
                                                            "total": 0.08344149999998507,
                                                            "count": 1780,
                                                            "is_parallel": true,
                                                            "self": 0.08344149999998507
                                                        },
                                                        "communicator.exchange": {
                                                            "total": 8.202806200000026,
                                                            "count": 1780,
                                                            "is_parallel": true,
                                                            "self": 8.202806200000026
                                                        },
                                                        "steps_from_proto": {
                                                            "total": 0.2234822000000758,
                                                            "count": 1780,
                                                            "is_parallel": true,
                                                            "self": 0.10772970000020088,
                                                            "children": {
                                                                "_process_rank_one_or_two_observation": {
                                                                    "total": 0.11575249999987491,
                                                                    "count": 3560,
                                                                    "is_parallel": true,
                                                                    "self": 0.11575249999987491
                                                                }
                                                            }
                                                        }
                                                    }
                                                }
                                            }
                                        }
                                    }
                                }
                            }
                        },
                        "trainer_advance": {
                            "total": 0.08389079999994564,
                            "count": 1780,
                            "self": 0.03216269999993138,
                            "children": {
                                "process_trajectory": {
                                    "total": 0.051728100000014265,
                                    "count": 1780,
                                    "self": 0.051728100000014265
                                }
                            }
                        }
                    }
                },
                "TrainerController._save_models": {
                    "total": 0.11693739999999764,
                    "count": 1,
                    "self": 0.006765299999997865,
                    "children": {
                        "RLTrainer._checkpoint": {
                            "total": 0.11017209999999977,
                            "count": 1,