{
    "name": "root",
    "gauges": {
        "ArmAgent.Policy.Entropy.mean": {
            "value": 1.4186835289001465,
            "min": 1.4186835289001465,
            "max": 1.4186835289001465,
            "count": 1
        },
        "ArmAgent.Policy.Entropy.sum": {
            "value": 43498.25390625,
            "min": 43498.25390625,
            "max": 43498.25390625,
            "count": 1
        },
        "ArmAgent.Step.mean": {
            "value": 29661.0,
            "min": 29661.0,
            "max": 29661.0,
            "count": 1
        },
        "ArmAgent.Step.sum": {
            "value": 29661.0,
            "min": 29661.0,
            "max": 29661.0,
            "count": 1
        },
        "ArmAgent.Policy.ExtrinsicValueEstimate.mean": {
            "value": -0.013688018545508385,
            "min": -0.013688018545508385,
            "max": -0.013688018545508385,
            "count": 1
        },
        "ArmAgent.Policy.ExtrinsicValueEstimate.sum": {
            "value": -0.4790806472301483,
            "min": -0.4790806472301483,
            "max": -0.4790806472301483,
            "count": 1
        },
        "ArmAgent.Environment.EpisodeLength.mean": {
            "value": 987.7,
            "min": 987.7,
            "max": 987.7,
            "count": 1
        },
        "ArmAgent.Environment.EpisodeLength.sum": {
            "value": 29631.0,
            "min": 29631.0,
            "max": 29631.0,
            "count": 1
        },
        "ArmAgent.Environment.CumulativeReward.mean": {
            "value": 0.0,
            "min": 0.0,
            "max": 0.0,
            "count": 1
        },
        "ArmAgent.Environment.CumulativeReward.sum": {
            "value": 0.0,
            "min": 0.0,
            "max": 0.0,
            "count": 1
        },
        "ArmAgent.Policy.ExtrinsicReward.mean": {
            "value": 0.0,
            "min": 0.0,
            "max": 0.0,
            "count": 1
        },
        "ArmAgent.Policy.ExtrinsicReward.sum": {
            "value": 0.0,
            "min": 0.0,
            "max": 0.0,
            "count": 1
        },
        "ArmAgent.Losses.PolicyLoss.mean": {
            "value": 0.0187340026255697,
            "min": 0.0187340026255697,
            "max": 0.0187340026255697,
            "count": 1
        },
        "ArmAgent.Losses.PolicyLoss.sum": {
            "value": 0.0187340026255697,
            "min": 0.0187340026255697,
            "max": 0.0187340026255697,
            "count": 1
        },
        "ArmAgent.Losses.ValueLoss.mean": {
            "value": 0.004338388063236683,
            "min": 0.004338388063236683,
            "max": 0.004338388063236683,
            "count": 1
        },
        "ArmAgent.Losses.ValueLoss.sum": {
            "value": 0.004338388063236683,
            "min": 0.004338388063236683,
            "max": 0.004338388063236683,
            "count": 1
        },
        "ArmAgent.Policy.LearningRate.mean": {
            "value": 0.00029936985021005005,
            "min": 0.00029936985021005005,
            "max": 0.00029936985021005005,
            "count": 1
        },
        "ArmAgent.Policy.LearningRate.sum": {
            "value": 0.00029936985021005005,
            "min": 0.00029936985021005005,
            "max": 0.00029936985021005005,
            "count": 1
        },
        "ArmAgent.Policy.Epsilon.mean": {
            "value": 0.1997899500000001,
            "min": 0.1997899500000001,
            "max": 0.1997899500000001,
            "count": 1
        },
        "ArmAgent.Policy.Epsilon.sum": {
            "value": 0.1997899500000001,
            "min": 0.1997899500000001,
            "max": 0.1997899500000001,
            "count": 1
        },
        "ArmAgent.Policy.Beta.mean": {
            "value": 0.004989518505000002,
            "min": 0.004989518505000002,
            "max": 0.004989518505000002,
            "count": 1
        },
        "ArmAgent.Policy.Beta.sum": {
            "value": 0.004989518505000002,
            "min": 0.004989518505000002,
            "max": 0.004989518505000002,
            "count": 1
        },
        "ArmAgent.IsTraining.mean": {
            "value": 1.0,
            "min": 1.0,
            "max": 1.0,
            "count": 1
        },
        "ArmAgent.IsTraining.sum": {
            "value": 1.0,
            "min": 1.0,
            "max": 1.0,
            "count": 1
        }
    },
    "metadata": {
        "timer_format_version": "0.1.0",
        "start_time_seconds": "1695229211",
        "python_version": "3.9.18 (main, Sep 11 2023, 14:09:26) [MSC v.1916 64 bit (AMD64)]",
        "command_line_arguments": "C:\\Users\\cfouo\\Anaconda3\\envs\\mlAgent\\Scripts\\mlagents-learn ./config/SimpleArm_config.yaml --run-id=SimpleArm --force",
        "mlagents_version": "0.30.0",
        "mlagents_envs_version": "0.30.0",
        "communication_protocol_version": "1.5.0",
        "pytorch_version": "2.0.1",
        "numpy_version": "1.25.2",
        "end_time_seconds": "1695229624"
    },
    "total": 412.7983483,
    "count": 1,
    "self": 0.004522300000019186,
    "children": {
        "run_training.setup": {
            "total": 0.08205409999999969,
            "count": 1,
            "self": 0.08205409999999969
        },
        "TrainerController.start_learning": {
            "total": 412.7117719,
            "count": 1,
            "self": 0.9945928000012145,
            "children": {
                "TrainerController._reset_env": {
                    "total": 7.0289959,
                    "count": 1,
                    "self": 7.0289959
                },
                "TrainerController.advance": {
                    "total": 404.53355219999884,
                    "count": 58775,
                    "self": 0.9270458999926063,
                    "children": {
                        "env_step": {
                            "total": 395.32723860000146,
                            "count": 58775,
                            "self": 315.88438019999955,
                            "children": {
                                "SubprocessEnvManager._take_step": {
                                    "total": 78.80911780000446,
                                    "count": 58775,
                                    "self": 2.6234734000050395,
                                    "children": {
                                        "TorchPolicy.evaluate": {
                                            "total": 76.18564439999942,
                                            "count": 58729,
                                            "self": 76.18564439999942
                                        }
                                    }
                                },
                                "workers": {
                                    "total": 0.6337405999974663,
                                    "count": 58774,
                                    "self": 0.0,
                                    "children": {
                                        "worker_root": {
                                            "total": 405.3760980000008,
                                            "count": 58774,
                                            "is_parallel": true,
                                            "self": 129.5236441000029,
                                            "children": {
                                                "steps_from_proto": {
                                                    "total": 0.00025389999999969604,
                                                    "count": 1,
                                                    "is_parallel": true,
                                                    "self": 0.0001340000000000785,