{"count":1,"self":22.292479999999998,"total":22.6055592,"children":{"InitializeActuators":{"count":1,"self":0.0009971,"total":0.0009971,"children":null},"InitializeSensors":{"count":1,"self":0.0009975,"total":0.0009975,"children":null},"AgentSendState":{"count":889,"self":0.0029923999999999997,"total":0.0069876999999999995,"children":{"CollectObservations":{"count":178,"self":0.0009971,"total":0.0009971,"children":null},"WriteActionMask":{"count":178,"self":0.00099739999999999985,"total":0.00099739999999999985,"children":null},"RequestDecision":{"count":178,"self":0.0020008,"total":0.0020008,"children":null}}},"DecideAction":{"count":889,"self":0.0019890999999999997,"total":0.0019890999999999997,"children":null},"AgentAct":{"count":889,"self":0.30111479999999996,"total":0.30111479999999996,"children":null}},"gauges":{},"metadata":{"timer_format_version":"0.1.0","start_time_seconds":"1695132114","unity_version":"2022.3.9f1","command_line_arguments":"C:\\Program Files\\Unity\\Hub\\Editor\\2022.3.9f1\\Editor\\Unity.exe -projectpath D:\\GitHub\\RL_RobotArm -useHub -hubIPC -cloudEnvironment production","communication_protocol_version":"1.5.0","com.unity.ml-agents_version":"2.3.0-exp.3","scene_name":"Simple_Arm","end_time_seconds":"1695132136"}}